ts,consumo_gas,producao,turno,gas/prod
2020-08-18 16:26:52,36.327020000000005,910.3047,TURNO 2,39.90644011834719
2020-08-18 16:31:47,25.31167,635.9086,TURNO 2,39.80394352270122
2020-08-18 16:36:54,25.3817,630.9096,TURNO 2,40.23032776803523
2020-08-18 16:41:50,25.26014,628.6182,TURNO 2,40.18359633876334
2020-08-18 16:46:46,24.77431,628.5908,TURNO 2,39.412460379630126
2020-08-18 16:51:52,24.79424,627.0151,TURNO 2,39.54329010577257
2020-08-18 16:56:47,24.799129999999998,626.6556,TURNO 2,39.57377864332497
2020-08-18 17:01:54,24.84873,623.8723,TURNO 2,39.829833765660055
2020-08-18 17:06:50,24.82246,627.1659999999999,TURNO 2,39.57877180842074
2020-08-18 17:11:46,24.8104,630.8002,TURNO 2,39.331629888513035
2020-08-18 17:16:52,24.821170000000002,630.3284,TURNO 2,39.37815589460986
2020-08-18 17:21:48,24.847820000000002,626.7859,TURNO 2,39.64323383790223
2020-08-18 17:26:54,24.86225,627.2554,TURNO 2,39.63656590282044
2020-08-18 17:31:50,24.91244,628.0023,TURNO 2,39.66934516004161
2020-08-18 17:36:48,24.87804,629.3612,TURNO 2,39.52903356609844
2020-08-18 17:41:55,24.860670000000002,627.8233,TURNO 2,39.59819586179742
2020-08-18 17:46:50,24.85964,623.6035,TURNO 2,39.86449723261656
2020-08-18 17:51:46,24.83824,620.7618,TURNO 2,40.01251365660709
2020-08-18 17:56:52,24.89256,618.0013,TURNO 2,40.27913857139136
2020-08-18 18:01:49,24.91152,617.9812,TURNO 2,40.311129205872284
2020-08-18 18:06:55,24.95526,625.7039,TURNO 2,39.8834976096521
2020-08-18 18:11:51,24.923370000000002,627.9283,TURNO 2,39.691426552999765
2020-08-18 18:16:47,25.17154,627.1735,TURNO 2,40.13489090339436
2020-08-18 18:21:53,25.557920000000003,627.9722,TURNO 2,40.6991264899943
2020-08-18 18:26:49,25.527929999999998,631.4217,TURNO 2,40.42928838207492
2020-08-18 18:31:56,25.55676,632.2416,TURNO 2,40.422458756272924
2020-08-18 18:36:51,25.601679999999998,631.9688,TURNO 2,40.51098725126936
2020-08-18 18:41:47,25.50401,633.7289,TURNO 2,40.24435369761424
2020-08-18 18:46:53,25.457539999999998,633.6902,TURNO 2,40.17347909120261
2020-08-18 18:51:49,25.43556,637.2935,TURNO 2,39.91184595480732
2020-08-18 18:56:55,24.95515,633.5464,TURNO 2,39.38961692466409
2020-08-18 19:01:51,25.30474,631.5065,TURNO 2,40.070434746119005
2020-08-18 19:06:47,25.45815,620.7825,TURNO 2,41.00977395464595
2020-08-18 19:11:53,25.41095,617.1692,TURNO 2,41.17339296905937
2020-08-18 19:16:49,25.469739999999998,614.6319,TURNO 2,41.439014148142974
2020-08-18 19:21:55,25.38648,617.2301,TURNO 2,41.129685671518615
2020-08-18 19:26:51,25.32965,627.5396,TURNO 2,40.36342885771671
2020-08-18 19:31:47,25.3822,630.4064,TURNO 2,40.26323336818916
2020-08-18 19:36:53,25.44331,626.4037,TURNO 2,40.618071061840794
2020-08-18 19:41:49,25.3863,625.3102,TURNO 2,40.59793043516642
2020-08-18 19:46:47,25.33147,627.9711,TURNO 2,40.33859201482362
2020-08-18 19:51:53,26.25897,647.976,TURNO 2,40.5246027630653
2020-08-18 19:56:49,27.35802,697.2039,TURNO 2,39.23962559589813
2020-08-18 20:01:55,27.03347,670.3688,TURNO 2,40.32626518417922
2020-08-18 20:06:51,25.70628,542.7527,TURNO 2,47.36278603496583
2020-08-18 20:11:47,25.43974,566.9757,TURNO 2,44.86918927918781
2020-08-18 20:16:53,26.148310000000002,625.7495,TURNO 2,41.78718480797827
2020-08-18 20:21:49,25.86789,635.3978,TURNO 2,40.71133076003726
2020-08-18 20:26:56,25.87228,638.1998,TURNO 2,40.5394674207043
2020-08-18 20:31:51,25.72702,638.2424,TURNO 2,40.30916780207645
2020-08-18 20:36:47,25.23496,636.7323,TURNO 2,39.63197720611943
2020-08-18 20:41:54,25.31729,637.3258,TURNO 2,39.72425092472328
2020-08-18 20:46:50,25.57013,637.5483,TURNO 2,40.106969150415736
2020-08-18 20:51:46,25.92062,636.4657,TURNO 2,40.725871009231135
2020-08-18 20:56:52,27.173479999999998,675.0337,TURNO 2,40.254997639377116
2020-08-18 21:01:48,27.30981,693.5662,TURNO 2,39.37592402859309
2020-08-18 21:06:54,27.24363,687.1168,TURNO 2,39.64919792384643
2020-08-18 21:15:42,4.6683069999999995,95.10561,TURNO 2,49.08550610211111
2020-08-18 21:21:10,0.161429,6.051056,TURNO 2,26.677822846128016
2020-08-18 21:26:06,0.0,0.0,TURNO 2,0.0
2020-08-18 21:31:02,18.46256,420.5432,TURNO 2,43.90169666279231
2020-08-18 21:36:08,26.33555,433.3497,TURNO 2,60.77205084023366
2020-08-18 21:41:04,24.93018,457.81199999999995,TURNO 2,54.455060155697105
2020-08-18 21:46:01,23.118579999999998,419.3118,TURNO 2,55.13458004282254
2020-08-18 21:51:07,21.41906,423.6815,TURNO 2,50.554626529598295
2020-08-18 21:56:03,21.95774,479.9452,TURNO 2,45.75051485044543
2020-08-18 22:01:10,22.87539,489.8244,TURNO 3,46.701205574895816
2020-08-18 22:06:06,24.43662,536.6602,TURNO 3,45.53462321223001
2020-08-18 22:11:02,24.06568,500.6318,TURNO 3,48.07061796713673
2020-08-18 22:16:08,22.44825,495.7535,TURNO 3,45.28107214573372
2020-08-18 22:21:04,21.867070000000002,499.4534,TURNO 3,43.782002485116735
2020-08-18 22:26:42,3.558851,86.93163,TURNO 3,40.93850535184949
2020-08-18 22:33:13,0.0,0.0,TURNO 3,0.0
2020-08-18 22:38:20,1.5092709999999998,37.65282,TURNO 3,40.08387685172053
2020-08-18 22:43:16,24.66177,497.5708,TURNO 3,49.56434340600373
2020-08-18 22:48:22,28.09057,561.8786,TURNO 3,49.99402006056113
2020-08-18 22:53:18,27.106740000000002,610.9088,TURNO 3,44.371172914844244
2020-08-18 22:58:14,26.4398,635.2668,TURNO 3,41.61999336341834
2020-08-18 23:03:20,26.30827,636.4193,TURNO 3,41.33795125320681
2020-08-18 23:08:16,25.66876,637.2208,TURNO 3,40.282363664211836
2020-08-18 23:13:23,25.62562,634.2032,TURNO 3,40.40600867356078
2020-08-18 23:18:19,25.70597,634.6591,TURNO 3,40.50358688625122
2020-08-18 23:23:14,25.58752,636.3435,TURNO 3,40.210232366638465
2020-08-18 23:28:21,25.54995,592.6964,TURNO 3,43.10798918299487
2020-08-18 23:33:17,25.43169,563.6243,TURNO 3,45.12170607264449
2020-08-18 23:38:23,24.604789999999998,562.9321,TURNO 3,43.70827316473869
2020-08-18 23:43:20,23.13897,562.9791,TURNO 3,41.10093962635558
2020-08-18 23:48:15,22.94199,562.7551,TURNO 3,40.76727158936454
2020-08-18 23:53:22,22.90556,563.4244,TURNO 3,40.65418537074362
2020-08-18 23:58:18,22.94746,560.2591,TURNO 3,40.95865645020313
2020-08-19 00:03:24,22.98923,559.5858,TURNO 3,41.08258286754239
2020-08-19 00:08:20,23.05333,558.4081,TURNO 3,41.284017907333364
2020-08-19 00:13:16,23.09711,558.9674,TURNO 3,41.321032317806015
2020-08-19 00:18:22,23.03388,557.5356,TURNO 3,41.31373853077723
2020-08-19 00:23:18,23.05135,553.9058,TURNO 3,41.61601124234482
2020-08-19 00:28:24,23.01331,552.49,TURNO 3,41.65380368875455
2020-08-19 00:33:20,23.01584,553.0003,TURNO 3,41.61994125500474
2020-08-19 00:38:16,22.97944,556.1182,TURNO 3,41.32114359860907
2020-08-19 00:43:23,22.96429,560.3417,TURNO 3,40.98265397702866
2020-08-19 00:48:19,23.058510000000002,556.7988,TURNO 3,41.4126431306964
2020-08-19 00:53:15,23.05923,555.1624,TURNO 3,41.53600820228459
2020-08-19 00:58:22,23.0147,554.7231,TURNO 3,41.488627389052304
2020-08-19 01:03:17,23.03706,557.0374,TURNO 3,41.35639725447519
2020-08-19 01:08:24,22.9907,562.9046,TURNO 3,40.842977655538796
2020-08-19 01:13:20,23.01502,561.1382,TURNO 3,41.014887241681286
2020-08-19 01:18:16,23.0372,560.1957,TURNO 3,41.123485953212416
2020-08-19 01:23:22,23.07797,560.1639,TURNO 3,41.19860276608328
2020-08-19 01:28:18,23.1129,562.3176,TURNO 3,41.102928309553185
2020-08-19 01:33:24,23.06182,565.4119,TURNO 3,40.78764525472492
2020-08-19 01:38:20,23.10895,566.3527,TURNO 3,40.80310732163897
2020-08-19 01:43:16,23.038729999999997,565.4478,TURNO 3,40.74422077510956
2020-08-19 01:48:22,23.07396,563.1067,TURNO 3,40.976177339037164
2020-08-19 01:53:18,23.09548,561.5358,TURNO 3,41.12913192711845
2020-08-19 01:58:24,23.1481,559.4356,TURNO 3,41.377595562384656
2020-08-19 02:09:50,21.140539999999998,513.4182,TURNO 3,41.17606271067134
2020-08-19 02:17:14,0.0,0.0,TURNO 3,0.0
2020-08-19 02:35:10,0.0,0.0,TURNO 3,0.0
2020-08-19 02:40:06,0.0,0.0,TURNO 3,0.0
2020-08-19 02:45:13,0.0,0.0,TURNO 3,0.0
2020-08-19 02:58:14,9.573445,215.1948,TURNO 3,44.487343560346254
2020-08-19 03:03:20,25.67827,491.1972,TURNO 3,52.27690630158315
2020-08-19 03:08:16,26.18303,552.6467,TURNO 3,47.37751985129016
2020-08-19 03:13:12,25.4243,514.8636,TURNO 3,49.380651496823624
2020-08-19 03:18:19,24.65021,518.1541,TURNO 3,47.57312544665767
2020-08-19 03:23:15,24.29164,517.1284,TURNO 3,46.97409772891993
2020-08-19 03:28:11,23.78743,516.3065,TURNO 3,46.07230395123826
2020-08-19 03:33:17,23.140520000000002,518.335,TURNO 3,44.643946482487195
2020-08-19 03:38:13,22.974520000000002,516.1487,TURNO 3,44.51143633607912
2020-08-19 03:43:20,22.91084,514.7495,TURNO 3,44.50871734698139
2020-08-19 03:48:16,22.901989999999998,517.1807,TURNO 3,44.28237557975384
2020-08-19 03:53:12,22.8842,515.1555,TURNO 3,44.4219269715649
2020-08-19 03:58:18,22.92223,487.962,TURNO 3,46.97544071054713
2020-08-19 04:03:14,22.87311,484.8192,TURNO 3,47.17863896479347
2020-08-19 04:08:21,22.060760000000002,483.7713,TURNO 3,45.601630357154306
2020-08-19 04:13:16,21.8617,483.7262,TURNO 3,45.19436821904623
2020-08-19 04:18:13,22.00459,495.1958,TURNO 3,44.43614020958982
2020-08-19 04:23:19,22.8909,546.304,TURNO 3,41.90139555998125
2020-08-19 04:28:15,23.13654,554.1592,TURNO 3,41.750709904301864
2020-08-19 04:33:11,23.4624,556.5845,TURNO 3,42.15424612075973
2020-08-19 04:38:17,23.51128,554.8764,TURNO 3,42.37210304853477
2020-08-19 04:43:14,23.45156,553.0959,TURNO 3,42.40053126410809
2020-08-19 04:48:20,23.45029,553.0687,TURNO 3,42.40032024954584
2020-08-19 04:53:16,23.463620000000002,555.4999,TURNO 3,42.23874747772232
2020-08-19 04:58:12,23.42067,527.1719,TURNO 3,44.42700758519185
2020-08-19 05:03:18,23.36865,491.5711,TURNO 3,47.538697860797754
2020-08-19 05:08:14,23.42761,505.8021,TURNO 3,46.31773968514563
2020-08-19 05:13:21,23.49115,553.2286,TURNO 3,42.46192261209923
2020-08-19 05:18:17,23.56865,564.0346,TURNO 3,41.785823068301134
2020-08-19 05:23:13,23.67845,563.6431,TURNO 3,42.00965114271779
2020-08-19 05:28:19,23.69366,560.5632,TURNO 3,42.26759801570991
2020-08-19 05:33:15,23.66005,562.4579,TURNO 3,42.065459477055974
2020-08-19 05:38:11,23.59055,563.3976,TURNO 3,41.87193910659186
2020-08-19 05:43:18,23.62477,560.6202,TURNO 3,42.14041877192438
2020-08-19 06:11:26,17.17407,404.9739,TURNO 1,42.40784406106171
2020-08-19 06:16:22,0.0,0.0,TURNO 1,0.0
2020-08-19 06:31:40,0.0,0.0,TURNO 1,0.0
2020-08-19 06:36:36,2.701743,86.63757,TURNO 1,31.18442726406108
2020-08-19 06:41:42,20.2483,446.6331,TURNO 1,45.33542184849264
2020-08-19 06:46:38,26.438340000000004,550.9183,TURNO 1,47.98958393649295
2020-08-19 06:51:34,28.10561,635.3481,TURNO 1,44.236553158811674
2020-08-19 06:56:41,27.98732,645.9476,TURNO 1,43.327539261698625
2020-08-19 07:01:37,27.13787,639.29,TURNO 1,42.45001486023558
2020-08-19 07:06:33,26.55576,640.149,TURNO 1,41.48371707211914
2020-08-19 07:11:39,26.359409999999997,634.8074,TURNO 1,41.523476254372575
2020-08-19 07:16:35,26.14864,634.5481,TURNO 1,41.20828665313157
2020-08-19 07:21:42,26.20777,632.9786,TURNO 1,41.403880004790054
2020-08-19 07:26:38,26.10864,631.8448,TURNO 1,41.32128649313882
2020-08-19 07:31:34,25.89722,630.8578,TURNO 1,41.05080415903552
2020-08-19 07:36:40,25.59744,629.5878,TURNO 1,40.65745873728811
2020-08-19 07:41:36,25.2053,629.1042,TURNO 1,40.0653818556608
2020-08-19 07:46:42,24.99277,628.2366,TURNO 1,39.78241636988358
2020-08-19 07:51:38,25.07998,627.1663,TURNO 1,39.98936167329144
2020-08-19 07:56:34,25.1263,626.7097,TURNO 1,40.0924064203889
2020-08-19 08:01:41,25.01197,626.4123,TURNO 1,39.92892540583894
2020-08-19 08:06:37,24.96171,625.1766,TURNO 1,39.9274540985699
2020-08-19 08:11:33,24.97438,626.4633,TURNO 1,39.86567130109617
2020-08-19 08:16:39,24.67549,628.0169999999999,TURNO 1,39.29111791559783
2020-08-19 08:21:35,24.321379999999998,627.019,TURNO 1,38.788904323473446
2020-08-19 08:26:41,24.04198,626.6384,TURNO 1,38.36659228033264
2020-08-19 08:31:37,23.83782,625.4395,TURNO 1,38.113710438819425
2020-08-19 08:36:34,23.788439999999998,624.1861,TURNO 1,38.11113384293562
2020-08-19 08:41:40,23.72028,624.705,TURNO 1,37.97037001464691
2020-08-19 08:46:36,23.745620000000002,624.3347,TURNO 1,38.033477876530014
2020-08-19 08:51:43,23.7851,623.0895,TURNO 1,38.17284675796976
2020-08-19 08:56:38,23.57077,621.3159,TURNO 1,37.93685305655303
2020-08-19 09:01:34,23.12651,620.6763,TURNO 1,37.260178937072354
2020-08-19 09:06:40,23.2235,530.1351,TURNO 1,43.80675793774078
2020-08-19 09:11:36,22.09767,437.0665,TURNO 1,50.559056802568946
2020-08-19 09:16:43,7.159777,129.384,TURNO 1,55.33742193779757
2020-08-19 09:29:02,0.0,0.0,TURNO 1,0.0
2020-08-19 09:34:09,0.0,0.0,TURNO 1,0.0
2020-08-19 09:46:38,0.0,0.0,TURNO 1,0.0
2020-08-19 09:51:34,8.057611999999999,215.3824,TURNO 1,37.410726224612596
2020-08-19 09:56:41,22.8369,466.9916,TURNO 1,48.90216440723987
2020-08-19 10:01:36,25.13233,551.1359,TURNO 1,45.60096702101968
2020-08-19 10:06:43,26.336,620.2421,TURNO 1,42.460839082029416
2020-08-19 10:11:39,26.40415,585.3153,TURNO 1,45.11098548081692
2020-08-19 10:16:34,25.30979,616.923,TURNO 1,41.025849255093426
2020-08-19 10:21:41,24.66394,630.9028,TURNO 1,39.093090092483344
2020-08-19 10:26:37,23.86303,575.7053,TURNO 1,41.45007871214665
2020-08-19 10:31:43,23.25408,566.4897,TURNO 1,41.04943126062133
2020-08-19 10:36:39,22.919729999999998,618.0004,TURNO 1,37.086917743095306
2020-08-19 10:41:35,23.301379999999998,666.699,TURNO 1,34.95037490681702
2020-08-19 10:56:43,3.7827610000000003,136.7286,TURNO 1,27.66620151160767
2020-08-19 11:33:28,11.39841,302.0108,TURNO 1,37.741729765955384
2020-08-19 11:38:24,18.85653,401.5823,TURNO 1,46.95558046258513
2020-08-19 12:14:27,14.012920000000001,175.8512,TURNO 1,79.68623472572267
2020-08-19 12:28:43,2.633665,86.10805,TURNO 1,30.585584042374666
2020-08-19 12:33:38,21.2841,415.0421,TURNO 1,51.281785630903464
2020-08-19 12:38:45,25.85171,384.4586,TURNO 1,67.24185647037159
2020-08-19 12:43:41,22.05507,319.6721,TURNO 1,68.99278979929747
2020-08-19 12:48:47,19.99911,244.6191,TURNO 1,81.75612615695177
2020-08-19 12:53:43,17.08687,254.4419,TURNO 1,67.15430909767613
2020-08-19 12:58:39,16.08343,329.8565,TURNO 1,48.758869387142596
2020-08-19 13:03:46,21.63765,400.6621,TURNO 1,54.00473366460167
2020-08-19 13:08:42,21.46404,337.8464,TURNO 1,63.53194824630364
2020-08-19 13:13:48,18.65024,378.4415,TURNO 1,49.281698756611
2020-08-19 13:18:44,19.38136,507.0401,TURNO 1,38.22451123688245
2020-08-19 13:23:40,20.98525,505.4709,TURNO 1,41.51623763108816
2020-08-19 13:28:46,21.556820000000002,501.2447,TURNO 1,43.006579421188896
2020-08-19 13:33:42,22.33067,422.9817,TURNO 1,52.79346600573973
2020-08-19 13:38:49,20.97267,478.26300000000003,TURNO 1,43.851751024018164
2020-08-19 13:43:47,20.18856,469.2752,TURNO 1,43.02072643088746
2020-08-19 13:48:42,20.34618,402.65,TURNO 1,50.53068421706197
2020-08-19 13:53:40,21.744329999999998,392.9581,TURNO 1,55.33498355168146
2020-08-19 13:58:46,22.284760000000002,363.6726,TURNO 1,61.276983748569464
2020-08-19 14:03:42,22.31219,342.9538,TURNO 2,65.0588796508451
2020-08-19 14:08:49,19.754070000000002,325.0582,TURNO 2,60.770871185529245
2020-08-19 14:13:45,17.41938,329.522,TURNO 2,52.862570632613306
2020-08-19 14:18:41,19.45869,381.0217,TURNO 2,51.06976846725528
2020-08-19 14:23:47,21.05888,367.8678,TURNO 2,57.24578231636473
2020-08-19 14:28:43,20.877779999999998,440.853,TURNO 2,47.35769065879102
2020-08-19 14:33:40,20.20707,368.9113,TURNO 2,54.7748740686447
2020-08-19 14:38:46,18.76093,368.0936,TURNO 2,50.96782448811932
2020-08-19 14:43:42,18.613979999999998,410.9053,TURNO 2,45.29992677144831
2020-08-19 14:48:48,10.485430000000001,247.423,TURNO 2,42.37855817769569
2020-08-19 14:53:44,0.0,0.0,TURNO 2,0.0
2020-08-19 15:16:16,0.0,0.0,TURNO 2,0.0
2020-08-19 15:22:26,0.0,0.0,TURNO 2,0.0
2020-08-19 15:34:46,15.941320000000001,382.0699,TURNO 2,41.7235694306199
2020-08-19 15:39:42,25.33276,423.9039,TURNO 2,59.76062027266086
2020-08-19 15:44:38,22.38614,418.0175,TURNO 2,53.553116795349474
2020-08-19 15:49:45,23.17248,434.8589,TURNO 2,53.287353668051864
2020-08-19 15:54:41,22.96247,430.7761,TURNO 2,53.30488390604771
2020-08-19 15:59:48,18.599729999999997,247.0563,TURNO 2,75.28539041505923
2020-08-19 16:04:44,17.576539999999998,285.1988,TURNO 2,61.62908118827988
2020-08-19 16:09:40,19.19608,331.8691,TURNO 2,57.8423239765317
2020-08-19 16:14:46,21.04961,296.9893,TURNO 2,70.87666121304707
2020-08-19 16:19:43,20.43764,355.0186,TURNO 2,57.56780067297883
2020-08-19 16:24:38,21.15405,406.1288,TURNO 2,52.08704726185388
2020-08-19 16:29:45,22.78347,481.6049,TURNO 2,47.307388276157496
2020-08-19 16:34:41,23.50269,566.0117,TURNO 2,41.523328934719906
2020-08-19 16:39:37,24.13959,525.1936,TURNO 2,45.96322194329862
2020-08-19 16:44:44,23.09914,511.8317,TURNO 2,45.13034264974209
2020-08-19 16:49:40,26.00297,634.0942,TURNO 2,41.008055270021394
2020-08-19 16:54:47,27.49946,691.6511,TURNO 2,39.759150242080146
2020-08-19 16:59:43,27.646859999999997,665.4752,TURNO 2,41.544538399026735
2020-08-19 17:04:40,27.40295,672.4365,TURNO 2,40.75172897366517
2020-08-19 17:09:47,27.26548,717.4494,TURNO 2,38.00334908636066
2020-08-19 17:14:43,28.0471,680.2383,TURNO 2,41.231286153690554
2020-08-19 17:19:39,27.43948,564.3646,TURNO 2,48.62012961124776
2020-08-19 17:24:46,24.45203,538.1519,TURNO 2,45.43704110307889
2020-08-19 17:29:42,22.79447,540.7272,TURNO 2,42.15521246203261
2020-08-19 17:34:39,22.74235,548.9542,TURNO 2,41.42850168556866
2020-08-19 17:39:45,22.95877,548.0851,TURNO 2,41.889060658645896
2020-08-19 17:44:42,23.175520000000002,545.9688,TURNO 2,42.448432950747375
2020-08-19 17:49:38,23.474320000000002,521.5943,TURNO 2,45.00493966287593
2020-08-19 17:54:44,23.32725,485.37300000000005,TURNO 2,48.060460717839675
2020-08-19 17:59:41,22.8387,561.8386,TURNO 2,40.64993042485867
2020-08-19 18:04:47,23.750999999999998,607.5875,TURNO 2,39.090665953463485
2020-08-19 18:09:43,24.816689999999998,645.5499,TURNO 2,38.442713723602154
2020-08-19 18:14:39,27.13522,679.5864,TURNO 2,39.929021534274376
2020-08-19 18:19:46,27.60975,645.4437,TURNO 2,42.77638777789604
2020-08-19 18:24:42,26.45583,569.2921,TURNO 2,46.47145112324586
2020-08-19 18:29:38,22.848670000000002,481.6451,TURNO 2,47.43880919789281
2020-08-19 18:34:45,22.26735,496.8889,TURNO 2,44.81353880112839
2020-08-19 18:39:41,22.59007,576.0796,TURNO 2,39.21345244650218
2020-08-19 18:44:38,25.18956,625.0169999999999,TURNO 2,40.302199780165985
2020-08-19 18:49:47,27.660290000000003,656.938,TURNO 2,42.10487138816754
2020-08-19 18:54:43,28.7602,674.1565,TURNO 2,42.661014171041884
2020-08-19 18:59:43,28.641440000000003,679.6285,TURNO 2,42.142788302727155
2020-08-19 19:04:39,28.382270000000002,677.1224,TURNO 2,41.916011049110175
2020-08-19 19:09:48,27.87518,676.1155,TURNO 2,41.22842916631848
2020-08-19 19:14:45,27.534059999999997,681.0973,TURNO 2,40.42603017219419
2020-08-19 19:19:41,27.53845,683.783,TURNO 2,40.27366869313803
2020-08-19 19:24:47,27.47611,685.4741,TURNO 2,40.083367117736465
2020-08-19 19:29:43,27.610229999999998,683.7419,TURNO 2,40.38107069348829
2020-08-19 19:34:40,27.573259999999998,684.6373,TURNO 2,40.27425908579623
2020-08-19 19:39:46,27.598979999999997,653.9681,TURNO 2,42.202333722394094
2020-08-19 19:44:42,24.540020000000002,622.7135,TURNO 2,39.408202969744515
2020-08-19 19:49:39,24.52145,617.5017,TURNO 2,39.71074087731257
2020-08-19 19:54:46,24.72727,616.9866,TURNO 2,40.07748304420226
2020-08-19 19:59:44,24.922320000000003,620.1639,TURNO 2,40.18666678276501
2020-08-19 20:04:40,24.896910000000002,1005.6,TURNO 2,24.75826372315036
2020-08-19 20:11:11,8.31494,513.8605,TURNO 2,16.181317692253053
2020-08-19 20:16:08,1.309453,43.30672,TURNO 2,30.236716149364348
2020-08-19 20:21:04,18.91244,437.3732,TURNO 2,43.24096675333559
2020-08-19 20:26:11,22.75018,427.5851,TURNO 2,53.2062038644471
2020-08-19 20:31:07,22.38035,483.9057,TURNO 2,46.24940355114643
2020-08-19 20:36:14,26.227629999999998,564.6865,TURNO 2,46.446355632727176
2020-08-19 20:41:10,26.09645,620.286,TURNO 2,42.07164114618096
2020-08-19 20:46:06,25.68424,624.1674,TURNO 2,41.14960185360529
2020-08-19 20:51:13,24.51371,570.5961,TURNO 2,42.96158000378902
2020-08-19 20:56:09,24.1182,498.7684,TURNO 2,48.35550929048432
2020-08-19 21:01:06,22.510289999999998,426.861,TURNO 2,52.73447328287194
2020-08-19 21:06:12,21.12155,453.4594,TURNO 2,46.57870142288372
2020-08-19 21:11:08,21.66536,500.6985,TURNO 2,43.27027143081116
2020-08-19 21:16:04,23.43683,544.9348,TURNO 2,43.00850303559252
2020-08-19 21:21:11,24.763379999999998,551.3580000000001,TURNO 2,44.91343192626206
2020-08-19 21:26:08,24.81241,552.1259,TURNO 2,44.9397682666218
2020-08-19 21:31:04,24.77112,556.0151,TURNO 2,44.5511641680235
2020-08-19 21:36:11,24.6234,557.5399,TURNO 2,44.16437280991011
2020-08-19 21:41:07,24.145979999999998,554.6216,TURNO 2,43.535953161578995
2020-08-19 21:46:14,24.08053,554.2962,TURNO 2,43.44343331236981
2020-08-19 21:51:11,24.13084,557.0648,TURNO 2,43.31783304204466
2020-08-19 21:56:07,24.164620000000003,561.1434,TURNO 2,43.063181354356125
2020-08-19 22:01:13,24.16091,559.9376,TURNO 3,43.14929020662303
2020-08-19 22:06:09,24.52552,558.5694,TURNO 3,43.90774002299446
2020-08-19 22:11:06,25.87923,557.7176,TURNO 3,46.40203213956311
2020-08-19 22:16:13,25.61114,561.7130000000001,TURNO 3,45.59470761759118
2020-08-19 22:21:09,24.56213,564.439,TURNO 3,43.51600438665649
2020-08-19 22:26:06,24.0815,565.7025,TURNO 3,42.56919493903598
2020-08-19 22:31:12,24.0417,565.5511,TURNO 3,42.510217025481865
2020-08-19 22:36:09,23.26845,562.5980000000001,TURNO 3,41.358927689042616
2020-08-19 22:41:05,23.61356,565.94,TURNO 3,41.724493762589674
2020-08-19 22:46:12,24.09759,561.4557,TURNO 3,42.91984211755264
2020-08-19 22:51:08,24.15559,566.7318,TURNO 3,42.62261267146118
2020-08-19 22:56:05,24.11105,549.462,TURNO 3,43.88119651586461
2020-08-19 23:01:11,23.99618,501.0662,TURNO 3,47.890238854666315
2020-08-19 23:06:08,24.065520000000003,544.7601,TURNO 3,44.17636313672754
2020-08-19 23:11:15,24.1622,567.4063,TURNO 3,42.58359485962704
2020-08-19 23:16:11,24.23516,568.7476,TURNO 3,42.61145014062477
2020-08-19 23:21:07,24.1344,567.2307,TURNO 3,42.54776760143624
2020-08-19 23:26:14,23.947860000000002,568.1886,TURNO 3,42.14773052468846
2020-08-19 23:31:10,23.925629999999998,567.0036,TURNO 3,42.19661039189169
2020-08-19 23:36:07,24.13105,567.5226,TURNO 3,42.5199807020901
2020-08-19 23:41:13,24.05121,565.2443,TURNO 3,42.55011505644551
2020-08-19 23:46:13,24.030089999999998,564.4621,TURNO 3,42.571662472998625
2020-08-19 23:51:09,24.16872,600.033,TURNO 3,40.27898465584393
2020-08-19 23:56:05,24.163529999999998,822.2560000000001,TURNO 3,29.386869782646762
2020-08-20 00:01:14,23.34933,509.7506,TURNO 3,45.80539973861727
2020-08-20 00:06:11,23.23144,532.491,TURNO 3,43.62785474308486
2020-08-20 00:11:07,24.280179999999998,558.4407,TURNO 3,43.478528696063876
2020-08-20 00:16:14,24.615779999999997,562.0539,TURNO 3,43.79611990949622
2020-08-20 00:21:10,24.60964,561.1814,TURNO 3,43.85327097441219
2020-08-20 00:26:06,24.5562,560.9307,TURNO 3,43.777600334586786
2020-08-20 00:31:13,24.51647,568.9611,TURNO 3,43.08988786755369
2020-08-20 00:36:09,25.18218,620.7073,TURNO 3,40.57013668117001
2020-08-20 00:41:06,25.613139999999998,635.1691,TURNO 3,40.324915050181126
2020-08-20 00:46:12,25.58788,634.3480000000001,TURNO 3,40.33729120293592
2020-08-20 00:51:09,25.47561,585.3411,TURNO 3,43.52267421508587
2020-08-20 00:56:06,24.64167,541.3061,TURNO 3,45.522616501088756
2020-08-20 01:01:14,22.58305,502.2682,TURNO 3,44.962133776337026
2020-08-20 01:06:11,22.37791,496.2701,TURNO 3,45.09219878449256
2020-08-20 01:11:07,22.471429999999998,495.4999,TURNO 3,45.35102832513184
2020-08-20 01:16:14,22.53153,486.9947,TURNO 3,46.26647887543745
2020-08-20 01:21:10,22.197110000000002,499.0526,TURNO 3,44.47849785774085
2020-08-20 01:26:06,23.29476,528.9677,TURNO 3,44.03815204595668
2020-08-20 01:31:13,24.15921,543.9537,TURNO 3,44.41409259648386
2020-08-20 01:36:09,24.05104,528.1263,TURNO 3,45.54031866998481
2020-08-20 01:41:06,24.009420000000002,550.6666,TURNO 3,43.60064692501779
2020-08-20 01:46:12,23.96322,559.8245,TURNO 3,42.80487902905286
2020-08-20 01:51:08,24.09954,560.2639,TURNO 3,43.01462221642337
2020-08-20 01:56:05,24.15916,560.5658,TURNO 3,43.0978129596918
2020-08-20 02:01:12,24.134929999999997,564.4809,TURNO 3,42.75597278845041
2020-08-20 02:06:09,24.04072,565.381,TURNO 3,42.52127326528483
2020-08-20 02:11:15,23.81546,563.2108,TURNO 3,42.28516214532819
2020-08-20 02:16:11,23.824170000000002,561.4305,TURNO 3,42.434762628677994
2020-08-20 02:21:08,23.79332,562.6775,TURNO 3,42.28589200741099
2020-08-20 02:26:15,23.78493,569.0219999999999,TURNO 3,41.79966679671437
2020-08-20 02:31:11,23.77373,568.4062,TURNO 3,41.825247507856176
2020-08-20 02:36:07,23.86541,565.8587,TURNO 3,42.17556432374372
2020-08-20 02:41:14,23.85015,566.0666,TURNO 3,42.13311649194635
2020-08-20 02:46:11,23.830560000000002,566.1795,TURNO 3,42.09011453081576
2020-08-20 02:51:07,23.88371,568.4238,TURNO 3,42.01743487869438
2020-08-20 02:56:14,23.83417,569.2356,TURNO 3,41.87048385589377
2020-08-20 03:01:10,23.87678,568.5013,TURNO 3,41.99951697559882
2020-08-20 03:06:06,23.90032,567.4752,TURNO 3,42.11694185049849
2020-08-20 03:11:13,23.88504,567.2721,TURNO 3,42.105085020045934
2020-08-20 03:16:09,23.86673,564.6361,TURNO 3,42.269224373007674
2020-08-20 03:21:05,23.89418,562.2114,TURNO 3,42.50034773396626
2020-08-20 03:26:12,23.91662,561.1216,TURNO 3,42.622882455425
2020-08-20 03:31:09,23.90878,559.295,TURNO 3,42.7480667626208
2020-08-20 03:36:15,23.58535,559.0033,TURNO 3,42.19179028102339
2020-08-20 03:41:12,23.75902,556.7002,TURNO 3,42.67830333094905
2020-08-20 03:46:08,23.843510000000002,558.7782,TURNO 3,42.670794959431134
2020-08-20 03:51:16,23.90261,561.942,TURNO 3,42.53572432742169
2020-08-20 03:56:12,23.928539999999998,562.4875,TURNO 3,42.540572012711394
2020-08-20 04:01:08,23.95926,562.1147,TURNO 3,42.62343610654552
2020-08-20 04:06:15,23.97201,559.7462,TURNO 3,42.826570327766404
2020-08-20 04:11:11,24.00893,560.6061,TURNO 3,42.82673699055362
2020-08-20 04:16:07,23.985689999999998,561.0761,TURNO 3,42.749441653280186
2020-08-20 04:21:06,23.98641,561.3998,TURNO 3,42.72607507163344
2020-08-20 04:26:13,24.01229,558.7348,TURNO 3,42.97618476601064
2020-08-20 04:31:10,23.99223,557.1149,TURNO 3,43.06513790961254
2020-08-20 04:36:08,23.98331,558.0067,TURNO 3,42.98032622188944
2020-08-20 04:41:15,23.96208,556.1335,TURNO 3,43.08692067642032
2020-08-20 04:46:11,23.97419,556.6512,TURNO 3,43.06860382228584
2020-08-20 04:51:07,23.97426,558.2172,TURNO 3,42.94790629883852
2020-08-20 04:56:14,23.99059,558.9547,TURNO 3,42.920454913430376
2020-08-20 05:01:10,24.00242,556.7833,TURNO 3,43.10908750316326
2020-08-20 05:06:07,23.99393,556.3738,TURNO 3,43.12555695469485
2020-08-20 05:11:14,24.02512,557.4358,TURNO 3,43.09934883981259
2020-08-20 05:16:10,24.0498,558.2041,TURNO 3,43.08424105089877
2020-08-20 05:21:06,24.10942,555.1761,TURNO 3,43.4266172481128
2020-08-20 05:26:13,24.12965,555.7698,TURNO 3,43.416626812036206
2020-08-20 05:31:09,24.25064,557.0449,TURNO 3,43.53444399185775
2020-08-20 05:36:05,24.2187,560.9265,TURNO 3,43.176245016058246
2020-08-20 05:41:12,24.16597,559.9896,TURNO 3,43.154319294501185
2020-08-20 05:46:08,24.131079999999997,557.5983,TURNO 3,43.27681773778722
2020-08-20 05:51:15,24.147579999999998,557.778,TURNO 3,43.29245685559487
2020-08-20 05:56:12,24.196279999999998,560.5229,TURNO 3,43.16733535775255
2020-08-20 06:01:08,24.19756,557.7974,TURNO 1,43.38055358450935
2020-08-20 06:06:15,24.13458,561.5836,TURNO 1,42.975934482417216
2020-08-20 06:11:11,24.09521,562.8089,TURNO 1,42.81241821158124
2020-08-20 06:16:08,23.68342,566.0143,TURNO 1,41.84244108320232
2020-08-20 06:21:14,23.41677,567.8008,TURNO 1,41.241171199477
2020-08-20 06:26:11,23.49005,568.8001,TURNO 1,41.2975489983212
2020-08-20 06:31:07,23.490270000000002,568.066,TURNO 1,41.351304249858295
2020-08-20 06:36:14,23.48997,570.076,TURNO 1,41.20497968691894
2020-08-20 06:41:10,23.510939999999998,570.0928,TURNO 1,41.240548907125294
2020-08-20 06:46:07,23.54352,571.8639,TURNO 1,41.16979582029921
2020-08-20 06:51:13,23.48773,572.7578,TURNO 1,41.00813642345857
2020-08-20 06:56:09,23.47171,575.9093,TURNO 1,40.75591416912351
2020-08-20 07:01:16,23.45891,573.9799,TURNO 1,40.87061236813344
2020-08-20 07:06:12,23.489910000000002,573.0105,TURNO 1,40.99385613352636
2020-08-20 07:14:08,22.06331,540.8953,TURNO 1,40.79035258764497
2020-08-20 07:19:36,0.0,0.0,TURNO 1,0.0
2020-08-20 07:24:32,0.0,0.0,TURNO 1,0.0
2020-08-20 07:29:28,0.0,0.0,TURNO 1,0.0
2020-08-20 07:34:35,0.0,0.0,TURNO 1,0.0
2020-08-20 07:42:10,0.0,0.0,TURNO 1,0.0
2020-08-20 07:47:16,0.0,0.0,TURNO 1,0.0
2020-08-20 07:52:13,1.530784,48.74292,TURNO 1,31.4052584457394
2020-08-20 07:57:09,21.00459,457.8883,TURNO 1,45.87273795814394
2020-08-20 08:02:16,26.30395,552.6595,TURNO 1,47.595219117738864
2020-08-20 08:07:13,26.54022,588.5251,TURNO 1,45.09615647658868
2020-08-20 08:12:09,26.17679,582.9309,TURNO 1,44.90547678978761
2020-08-20 08:17:16,25.60149,579.0613,TURNO 1,44.21205492406417
2020-08-20 08:22:12,25.1404,575.0831,TURNO 1,43.71611685337302
2020-08-20 08:27:19,24.83318,573.8088,TURNO 1,43.27779566991653
2020-08-20 08:32:15,24.66369,570.5801,TURNO 1,43.225640010929226
2020-08-20 08:37:11,24.17018,568.7568,TURNO 1,42.49651169005803
2020-08-20 08:42:18,23.858079999999998,570.8352,TURNO 1,41.79503996950433
2020-08-20 08:47:15,23.59198,572.0294,TURNO 1,41.24260046773819
2020-08-20 08:52:11,23.52306,566.9923,TURNO 1,41.48744171658063
2020-08-20 08:57:18,23.52342,562.1451,TURNO 1,41.84581525303699
2020-08-20 09:02:14,23.45768,559.9391,TURNO 1,41.89327017884623
2020-08-20 09:07:10,23.475070000000002,561.447,TURNO 1,41.81172933509308
2020-08-20 09:12:17,13.00918,310.2247,TURNO 1,41.93470087971719
2020-08-20 09:17:14,0.0,0.0,TURNO 1,0.0
2020-08-20 09:23:03,0.0,0.0,TURNO 1,0.0
2020-08-20 09:27:59,0.0,0.0,TURNO 1,0.0
2020-08-20 09:33:05,0.0,0.0,TURNO 1,0.0
2020-08-20 09:38:44,0.0,0.0,TURNO 1,0.0
2020-08-20 09:43:40,0.26252329999999996,9.230632,TURNO 1,28.440446981311784
2020-08-20 09:48:47,18.911720000000003,454.8136,TURNO 1,41.58125438641237
2020-08-20 09:53:43,25.3861,528.2867,TURNO 1,48.0536420848755
2020-08-20 09:58:39,25.679170000000003,554.9129,TURNO 1,46.27603719430563
2020-08-20 10:03:47,25.01472,557.2444,TURNO 1,44.890033888182636
2020-08-20 10:08:43,24.57555,553.6655,TURNO 1,44.38699900932964
2020-08-20 10:13:39,24.113139999999998,550.1859,TURNO 1,43.8272591136923
2020-08-20 10:18:46,23.83908,551.3873,TURNO 1,43.23472811216362
2020-08-20 10:23:43,23.6076,531.9978,TURNO 1,44.375371477100096
2020-08-20 10:28:39,23.52064,552.9642,TURNO 1,42.53555655140061
2020-08-20 10:33:46,23.28973,558.6017,TURNO 1,41.69290927686041
2020-08-20 10:38:42,22.7918,560.3364,TURNO 1,40.67520867821544
2020-08-20 10:43:39,22.72097,559.3935,TURNO 1,40.617150538931895
2020-08-20 10:48:46,22.73142,558.1224,TURNO 1,40.728377861200336
2020-08-20 10:53:43,22.74139,561.2087,TURNO 1,40.52216225443404
2020-08-20 10:58:39,22.81042,563.3796,TURNO 1,40.48854449113884
2020-08-20 11:03:46,22.75434,564.7746,TURNO 1,40.28924105297937
2020-08-20 11:08:42,22.731170000000002,564.6439,TURNO 1,40.25753222517768
2020-08-20 11:13:38,22.69109,563.2432,TURNO 1,40.28648725807964
2020-08-20 11:18:46,22.73995,561.5485,TURNO 1,40.49507745101269
2020-08-20 11:23:42,22.79927,561.7777,TURNO 1,40.58414921062192
2020-08-20 11:28:38,22.72564,560.3691,TURNO 1,40.55477006137562
2020-08-20 11:33:45,22.720010000000002,559.7036,TURNO 1,40.592931687414556
2020-08-20 11:38:41,22.74172,559.6456,TURNO 1,40.63593102492006
2020-08-20 11:43:38,22.735770000000002,558.9839,TURNO 1,40.67338969870153
2020-08-20 11:48:45,22.78022,560.5473,TURNO 1,40.639246679093816
2020-08-20 11:53:41,23.0266,564.6324,TURNO 1,40.78157753611022
2020-08-20 11:58:38,23.36559,565.2609,TURNO 1,41.33593885584515
2020-08-20 12:03:44,23.56294,562.7485,TURNO 1,41.871173357192426
2020-08-20 12:08:40,23.42171,560.8711,TURNO 1,41.759523712311086
2020-08-20 12:13:47,23.41903,559.617,TURNO 1,41.84831768870495
2020-08-20 12:18:44,23.419079999999997,560.1475,TURNO 1,41.80877358195832
2020-08-20 12:23:41,23.373820000000002,560.242,TURNO 1,41.72093488171184
2020-08-20 12:28:37,23.403679999999998,558.4818,TURNO 1,41.905895590509836
2020-08-20 12:33:46,23.37686,555.2133,TURNO 1,42.10428676690562
2020-08-20 12:38:42,23.40618,554.3687,TURNO 1,42.22132310139443
2020-08-20 12:43:39,23.317339999999998,555.7949,TURNO 1,41.95313774919489
2020-08-20 12:48:46,23.279339999999998,557.289,TURNO 1,41.77247352809763
2020-08-20 12:53:42,23.07999,559.0055,TURNO 1,41.28759019365641
2020-08-20 12:58:39,22.92069,558.1517,TURNO 1,41.0653411966675
2020-08-20 13:03:45,22.89358,556.7177,TURNO 1,41.122421651045045
2020-08-20 13:08:42,22.96246,555.5032,TURNO 1,41.33632353512995
2020-08-20 13:13:38,22.947110000000002,558.1024,TURNO 1,41.116307688338196
2020-08-20 13:18:45,23.06041,558.7182,TURNO 1,41.27377629724609
2020-08-20 13:23:41,23.118560000000002,556.5427,TURNO 1,41.53959794998659
2020-08-20 13:28:37,23.06042,554.868,TURNO 1,41.560190892248244
2020-08-20 13:33:44,23.13315,554.1008,TURNO 1,41.74899224112291
2020-08-20 13:38:40,23.13346,553.2599,TURNO 1,41.813006870731094
2020-08-20 13:43:47,23.089760000000002,553.3536,TURNO 1,41.72695361519289
2020-08-20 13:48:44,23.113129999999998,552.9456,TURNO 1,41.800007089304984
2020-08-20 13:53:40,23.1645,550.1775,TURNO 1,42.103684719931294
2020-08-20 13:58:47,23.192529999999998,548.1709,TURNO 1,42.30894051471904
2020-08-20 14:03:43,23.14219,546.3682,TURNO 2,42.35639995153451
2020-08-20 14:08:40,23.01219,546.9448,TURNO 2,42.07406304987267
2020-08-20 14:13:47,22.5015,551.925,TURNO 2,40.76912623997826
2020-08-20 14:18:43,22.41335,552.5258,TURNO 2,40.56525505234326
2020-08-20 14:23:39,22.34611,551.8965,TURNO 2,40.48967514742348
2020-08-20 14:28:46,22.347520000000003,552.3541,TURNO 2,40.45868402171723
2020-08-20 14:33:42,22.73647,554.841,TURNO 2,40.97835235680132
2020-08-20 14:38:38,23.08981,554.0737,TURNO 2,41.67281356252787
2020-08-20 14:43:45,23.05789,552.6156,TURNO 2,41.72500740116638
2020-08-20 14:48:41,22.958920000000003,552.7725,TURNO 2,41.53412118005147
2020-08-20 14:53:47,22.56054,552.4034,TURNO 2,40.84069721511489
2020-08-20 14:58:44,23.00838,551.6337,TURNO 2,41.70952572331966
2020-08-20 15:03:41,23.11148,551.1469999999999,TURNO 2,41.93342248075378
2020-08-20 15:13:12,2.978623,71.00545,TURNO 2,41.949216574220706
2020-08-20 15:18:08,13.1966,343.8635,TURNO 2,38.37743755879877
2020-08-20 15:23:15,23.09445,493.8174,TURNO 2,46.76718560342344
2020-08-20 15:38:13,73.48066999999999,1663.602,TURNO 2,44.169621099277336
2020-08-20 15:53:11,70.18726,1670.017,TURNO 2,42.02787157256483
2020-08-20 16:08:10,63.72538,1851.558,TURNO 2,34.41716651598276
2020-08-20 16:23:07,66.29141,1505.13,TURNO 2,44.04364407061184
2020-08-20 16:38:06,62.3634,1545.941,TURNO 2,40.3400905985416
2020-08-20 16:53:13,60.611309999999996,1114.04,TURNO 2,54.406762773329504
2020-08-20 17:08:12,65.40089,1325.535,TURNO 2,49.33924038218531
2020-08-20 17:23:10,76.02991,1762.835,TURNO 2,43.12933995524255
2020-08-20 17:38:07,71.04273,1736.141,TURNO 2,40.91990800286383
2020-08-20 17:53:06,81.55435,2031.568,TURNO 2,40.143549219125326
2020-08-20 18:08:14,82.12331999999999,2138.327,TURNO 2,38.40540759201001
2020-08-20 18:23:14,82.07574,2197.26,TURNO 2,37.3536768520794
2020-08-20 18:38:12,82.24429,2204.653,TURNO 2,37.304868385183525
2020-08-20 18:53:10,74.04093,1746.8729999999998,TURNO 2,42.38483850858077
2020-08-20 19:08:10,60.81706,1320.58,TURNO 2,46.05329476442169
2020-08-20 19:23:08,73.99072,1706.5629999999999,TURNO 2,43.35657107296947
2020-08-20 19:38:16,80.95518,1898.348,TURNO 2,42.64506823827875
2020-08-20 19:53:14,79.65095,1876.622,TURNO 2,42.44378995876633
2020-08-20 20:08:12,77.66911,1925.588,TURNO 2,40.33526901912559
2020-08-20 20:23:10,79.44494,1937.749,TURNO 2,40.99857102235635
2020-08-20 20:38:07,77.31583,1935.8139999999999,TURNO 2,39.93969978520664
2020-08-20 20:53:15,78.00923,1938.74,TURNO 2,40.237076658035626
2020-08-20 21:11:23,67.92908,1661.9589999999998,TURNO 2,40.872897586522896
2020-08-20 21:33:43,4.904038,150.6276,TURNO 2,32.55736664462555
2020-08-20 21:50:57,39.10378,859.4958,TURNO 2,45.496185088978905
2020-08-20 22:05:55,76.178,1672.2160000000001,TURNO 3,45.555119673534996
2020-08-20 22:20:52,73.31921,1672.043,TURNO 3,43.85007442990401
2020-08-20 22:36:00,72.2223,1676.1879999999999,TURNO 3,43.08723126522801
2020-08-20 22:50:58,67.88669,1686.684,TURNO 3,40.24861206959929
2020-08-20 23:05:55,71.6082,1703.878,TURNO 3,42.02660049604491
2020-08-20 23:20:53,71.79974,1700.287,TURNO 3,42.22801209442876
2020-08-20 23:36:00,71.925,1696.838,TURNO 3,42.38766458554087
2020-08-20 23:50:58,71.91342,1689.608,TURNO 3,42.56219194037907
2020-08-21 00:05:55,71.93655,1677.845,TURNO 3,42.87437158974756
2020-08-21 00:21:25,7.85648,184.1834,TURNO 3,42.655744220163164
2020-08-21 00:45:30,44.51512,898.9951,TURNO 3,49.51653240379175
2020-08-21 01:00:28,77.73376,1709.237,TURNO 3,45.478631693556835
2020-08-21 01:15:25,74.05934,1709.8229999999999,TURNO 3,43.314038938533415
2020-08-21 01:30:44,65.73168000000001,1518.026,TURNO 3,43.300760329533226
2020-08-21 01:45:42,0.0,0.0,TURNO 3,0.0
2020-08-21 02:02:56,16.16242,336.0246,TURNO 3,48.09891894819605
2020-08-21 02:17:53,80.66833000000001,1635.9589999999998,TURNO 3,49.30950592282571
2020-08-21 02:33:02,77.16402,1713.318,TURNO 3,45.03776882049917
2020-08-21 02:47:59,74.35369,1709.46,TURNO 3,43.49542545599195
2020-08-21 03:02:56,74.07883000000001,1712.3310000000001,TURNO 3,43.26198030637769
2020-08-21 03:17:53,73.63999,1706.3010000000002,TURNO 3,43.15767851041521
2020-08-21 03:33:02,73.90725,1699.943,TURNO 3,43.47631067629915
2020-08-21 03:47:59,73.41691999999999,1700.16,TURNO 3,43.1823593073593
2020-08-21 04:22:06,47.90639,1114.349,TURNO 3,42.9904724641921
2020-08-21 04:57:48,0.0,0.0,TURNO 3,0.0
2020-08-21 06:12:01,0.0,0.0,TURNO 1,0.0
2020-08-21 06:26:59,30.47069,609.3871,TURNO 1,50.00219072573082
2020-08-21 06:41:55,82.79477,1774.23,TURNO 1,46.66518433348551
2020-08-21 06:56:53,77.45973000000001,1780.371,TURNO 1,43.50763408300855
2020-08-21 07:12:01,75.25086999999999,1716.254,TURNO 1,43.84599831959605
2020-08-21 07:26:59,74.57,1700.3129999999999,TURNO 1,43.8566311026264
2020-08-21 07:41:56,73.81345,1699.442,TURNO 1,43.43393302036786
2020-08-21 07:56:53,73.03518000000001,1687.53,TURNO 1,43.27933725622656
2020-08-21 08:12:01,72.12786,1680.95,TURNO 1,42.90898599006514
2020-08-21 08:26:58,72.14069,1679.901,TURNO 1,42.94341749900738
2020-08-21 08:41:55,72.13399,1672.6670000000001,TURNO 1,43.125134889371274
2020-08-21 08:56:53,71.9078,1681.0410000000002,TURNO 1,42.775756212965646
2020-08-21 09:12:01,71.67696,1686.8670000000002,TURNO 1,42.491174467222365
2020-08-21 09:26:58,71.77116,1691.24,TURNO 1,42.43700480121094
2020-08-21 10:33:59,8.881427,209.1216,TURNO 1,42.47015611969304
2020-08-21 11:13:14,0.0,0.0,TURNO 1,0.0
2020-08-21 11:57:12,0.9208193000000001,31.48035,TURNO 1,29.25060553646958
2020-08-21 12:12:09,73.80609,1540.021,TURNO 1,47.92537893963784
2020-08-21 12:27:18,88.93368000000001,1986.707,TURNO 1,44.76436636101851
2020-08-21 12:42:15,86.73988,1974.869,TURNO 1,43.92183987899957
2020-08-21 12:57:13,85.36618,2132.939,TURNO 1,40.02279483848343
2020-08-21 13:12:11,84.7038,2137.4829999999997,TURNO 1,39.62782394058807
2020-08-21 13:27:08,79.80055,1989.974,TURNO 1,40.10130283109227
2020-08-21 14:02:51,65.63653000000001,1653.555,TURNO 2,39.694192210116995
2020-08-21 14:17:48,7.232328,197.6072,TURNO 2,36.599516616803434
2020-08-21 14:32:46,72.86005,1569.545,TURNO 2,46.42112841619705
2020-08-21 14:47:44,76.11994,1951.993,TURNO 2,38.99601074389099
2020-08-21 15:02:46,74.10368000000001,1956.5970000000002,TURNO 2,37.873757345023016
2020-08-21 15:17:44,73.46632,1963.719,TURNO 2,37.41182928922111
2020-08-21 15:32:41,73.0881,1767.9520000000002,TURNO 2,41.3405454446727
2020-08-21 15:47:49,69.46553,1734.474,TURNO 2,40.04991138523841
2020-08-21 16:02:47,69.78199000000001,1730.4520000000002,TURNO 2,40.325874395822595
2020-08-21 16:17:45,69.45264,1723.875,TURNO 2,40.288675222971506
2020-08-21 16:32:42,78.69244,1689.616,TURNO 2,46.57415649473017
2020-08-21 16:47:50,77.44682,1894.154,TURNO 2,40.88728793962899
2020-08-21 17:02:47,74.51252,1899.3039999999999,TURNO 2,39.23148690257062
2020-08-21 17:17:44,74.51545,1887.646,TURNO 2,39.475330649920586
2020-08-21 17:32:41,81.66493,2168.016,TURNO 2,37.66804765278484
2020-08-21 17:47:49,81.32052,2168.563,TURNO 2,37.4997267775942
2020-08-21 18:02:47,80.91634,2163.931,TURNO 2,37.39321632713798
2020-08-21 18:17:44,80.91483000000001,2156.947,TURNO 2,37.51359212813296
2020-08-21 18:32:41,80.97196,1830.454,TURNO 2,44.235998282393325
2020-08-21 18:47:48,78.74213,1710.764,TURNO 2,46.02746492210498
2020-08-21 19:02:46,68.03853000000001,1708.865,TURNO 2,39.815040977490916
2020-08-21 19:17:44,67.49709,1712.139,TURNO 2,39.42266953792887
2020-08-21 19:32:41,68.17086,1714.515,TURNO 2,39.761016963981064
2020-08-21 19:47:50,68.25967,1715.8239999999998,TURNO 2,39.782442721398
2020-08-21 20:02:47,68.61676,1717.244,TURNO 2,39.95749002471402
2020-08-21 20:17:45,68.93732,1730.1879999999999,TURNO 2,39.84383199975957
2020-08-21 20:32:43,74.02141999999999,1919.7,TURNO 2,38.55884773662551
2020-08-21 20:47:51,73.40919,1937.516,TURNO 2,37.88830130951177
2020-08-21 21:02:49,72.78958,1940.736,TURNO 2,37.506172915842235
2020-08-21 21:17:47,72.75186,1938.703,TURNO 2,37.526047053107156
2020-08-21 21:32:47,72.78049,1953.12,TURNO 2,37.26370627508807
2020-08-21 21:47:44,72.86861,1946.579,TURNO 2,37.434190957572234
2020-08-21 22:02:42,71.16677,1770.869,TURNO 3,40.187484223847164
2020-08-21 22:17:51,70.67096,1695.624,TURNO 3,41.678438144305574
2020-08-21 22:32:48,70.92817,1691.286,TURNO 3,41.93741921827532
2020-08-21 22:47:46,69.37729,1699.445,TURNO 3,40.82349825972597
2020-08-21 23:02:43,71.48103,1707.0910000000001,TURNO 3,41.87300501262088
2020-08-21 23:17:41,71.30325,1718.499,TURNO 3,41.491586553149
2020-08-21 23:32:49,71.3007,1727.618,TURNO 3,41.27110275535449
2020-08-21 23:47:46,71.78008,1714.414,TURNO 3,41.868580167917436
2020-08-22 00:02:43,72.91496,1611.838,TURNO 3,45.23715162441883
2020-08-22 00:17:51,71.01496999999999,1480.866,TURNO 3,47.955027666243936
2020-08-22 00:32:49,69.71758,1625.773,TURNO 3,42.88272717039833
2020-08-22 00:47:46,70.81286999999999,1729.08,TURNO 3,40.95407384273718
2020-08-22 01:04:51,50.0685,1217.038,TURNO 3,41.13963573857184
2020-08-22 01:37:45,5.626780999999999,156.0322,TURNO 3,36.06166547674133
2020-08-22 01:52:43,77.58565,1544.7479999999998,TURNO 3,50.22544130175278
2020-08-22 02:07:51,75.58975,1760.026,TURNO 3,42.94808713053102
2020-08-22 02:22:49,72.69719,1751.415,TURNO 3,41.50768949677832
2020-08-22 02:37:46,72.6822,1757.894,TURNO 3,41.34617900738042
2020-08-22 02:52:44,72.30014,1758.495,TURNO 3,41.11478281143819
2020-08-22 03:07:51,71.78786,1762.0120000000002,TURNO 3,40.74198132589335
2020-08-22 03:22:49,71.46967,1744.765,TURNO 3,40.962347364831366
2020-08-22 03:37:46,71.73118000000001,1735.4089999999999,TURNO 3,41.33387576069965
2020-08-22 04:14:43,12.60539,318.7624,TURNO 3,39.54478319902221
2020-08-22 04:29:41,75.50328,1658.219,TURNO 3,45.53275532363337
2020-08-22 04:44:49,74.92168000000001,1725.372,TURNO 3,43.42349360022071
2020-08-22 04:59:47,73.28843,1697.46,TURNO 3,43.175350229165936
2020-08-22 05:14:44,73.18471,1696.3870000000002,TURNO 3,43.14151782582629
2020-08-22 05:29:44,72.83230999999999,1719.317,TURNO 3,42.36118761112697
2020-08-22 05:44:41,73.06475999999999,1707.168,TURNO 3,42.798810661868075
2020-08-22 06:20:34,22.60483,533.4127,TURNO 1,42.37774991109136
2020-08-22 06:43:58,0.0,0.0,TURNO 1,0.0
2020-08-22 07:05:17,0.0,0.0,TURNO 1,0.0
2020-08-22 07:33:46,0.0,0.0,TURNO 1,0.0
2020-08-22 08:03:09,0.0,0.0,TURNO 1,0.0
2020-08-22 08:19:20,64.20758000000001,1330.237,TURNO 1,48.26777484012248
2020-08-22 08:34:28,79.0651,1758.129,TURNO 1,44.97115968168434
2020-08-22 08:49:25,78.04586,1931.024,TURNO 1,40.41682547705259
2020-08-22 09:04:22,82.13146,2076.722,TURNO 1,39.54860592799614
2020-08-22 09:19:21,71.40694,1735.5629999999999,TURNO 1,41.14338690096528
2020-08-22 09:34:29,70.69205,1709.691,TURNO 1,41.34785174630971
2020-08-22 09:49:27,70.51963,1712.0,TURNO 1,41.191372663551405
2020-08-22 10:06:22,18.3432,446.6141,TURNO 1,41.071699258935176
2020-08-22 10:22:10,19.90275,494.9639,TURNO 1,40.21050828151306
2020-08-22 10:36:27,75.94128,1862.582,TURNO 1,40.77204654613864
2020-08-22 11:08:55,68.20432,1821.9779999999998,TURNO 1,37.43421709812083
2020-08-22 11:28:58,9.64772,244.0651,TURNO 1,39.5292895215252
2020-08-22 11:44:07,73.7991,1753.411,TURNO 1,42.088877051643905
2020-08-22 11:59:05,73.62401,1858.832,TURNO 1,39.60767299035093
2020-08-22 12:14:03,70.68541,1734.391,TURNO 1,40.755175736036456
2020-08-22 12:29:01,70.88139,1727.604,TURNO 1,41.02872533288878
2020-08-22 12:43:59,70.63282,1745.61,TURNO 1,40.463116045393875
2020-08-22 12:58:57,70.31567,1731.4389999999999,TURNO 1,40.611115956149774
2020-08-22 13:14:06,70.75118,1733.2520000000002,TURNO 1,40.819903857027136
2020-08-22 13:28:57,53.121030000000005,1347.0639999999999,TURNO 1,39.43467422483268
2020-08-22 13:52:11,0.0,0.0,TURNO 1,0.0
2020-08-22 14:17:42,4.898796,147.5729,TURNO 2,33.19576968400025
2020-08-22 14:32:40,71.75618,1575.045,TURNO 2,45.55817770285929
2020-08-22 14:47:38,72.07433,1731.01,TURNO 2,41.6371540314614
2020-08-22 15:02:36,69.7573,1723.661,TURNO 2,40.47042893005063
2020-08-22 15:17:45,68.32066,1733.021,TURNO 2,39.42286908237119
2020-08-22 15:32:43,70.53748,1732.704,TURNO 2,40.70948067298281
2020-08-22 15:47:41,70.44156,1725.2679999999998,TURNO 2,40.829343615020974
2020-08-22 16:02:38,70.69263000000001,1729.1889999999999,TURNO 2,40.881956801714566
2020-08-22 16:17:36,70.75406,1726.9,TURNO 2,40.971718107591634
2020-08-22 16:32:45,71.1328,1724.7779999999998,TURNO 2,41.241713426307626
2020-08-22 16:47:43,71.58563000000001,1725.239,TURNO 2,41.49316703366896
2020-08-22 17:02:41,71.825,1724.756,TURNO 2,41.64357161244837
2020-08-22 17:17:40,72.03878,1726.776,TURNO 2,41.718659513451655
2020-08-22 17:32:38,72.24736999999999,1729.849,TURNO 2,41.76513094495531
2020-08-22 17:47:40,72.24342,1732.287,TURNO 2,41.704070976691504
2020-08-22 18:02:38,72.13405999999999,1735.3970000000002,TURNO 2,41.56631594960692
2020-08-22 18:17:41,72.02081,1734.527,TURNO 2,41.52187311007554
2020-08-22 18:32:39,71.88524,1736.943,TURNO 2,41.38606736087482
2020-08-22 18:47:42,71.88764,1728.025,TURNO 2,41.601041651596475
2020-08-22 19:02:40,71.28232,1696.253,TURNO 2,42.02340099030038
2020-08-22 19:17:38,69.77363000000001,1702.023,TURNO 2,40.99452827605738
2020-08-22 19:32:36,69.92636999999999,1741.441,TURNO 2,40.15431473130585
2020-08-22 19:47:45,70.11126999999999,1737.141,TURNO 2,40.360149233712164
2020-08-22 20:02:43,70.35213,1727.879,TURNO 2,40.71588924918933
2020-08-22 20:17:41,69.71468,1644.63,TURNO 2,42.38927904756693
2020-08-22 20:32:39,60.13397,1235.298,TURNO 2,48.679727482761244
2020-08-22 20:56:57,32.94786,586.8609,TURNO 2,56.14253735425209
2020-08-22 21:11:55,60.46315,808.5849,TURNO 2,74.77650151517794
2020-08-22 21:26:53,66.24549,1079.756,TURNO 2,61.352277736822025
2020-08-22 22:25:49,26.2063,316.6942,TURNO 3,82.74954198719142
2020-08-22 22:40:48,74.07689,1245.87,TURNO 3,59.45796110348592
2020-08-22 22:55:52,72.4709,1457.505,TURNO 3,49.722573850518515
2020-08-22 23:10:51,73.46098,1632.0620000000001,TURNO 3,45.01114540991703
2020-08-22 23:25:48,70.42963,1624.495,TURNO 3,43.354784102136364
2020-08-22 23:40:57,77.47802,1809.191,TURNO 3,42.824676885967264
2020-08-22 23:55:55,71.23769,1644.348,TURNO 3,43.3227577130875
2020-08-23 00:00:43,22.42053,539.3234,TURNO 3,41.571587659649104
2020-08-23 00:15:47,69.95749,1677.3629999999998,TURNO 3,41.706827919776465
2020-08-23 00:30:45,70.03272,1668.09,TURNO 3,41.98377785371293
2020-08-23 00:45:53,70.07455,1679.8339999999998,TURNO 3,41.715163522109926
2020-08-23 01:00:51,70.10016999999999,1684.355,TURNO 3,41.61840585862244
2020-08-23 01:15:49,69.09283,1669.594,TURNO 3,41.38301287618427
2020-08-23 01:30:47,69.14688000000001,1669.6979999999999,TURNO 3,41.41280638774198
2020-08-23 01:45:46,69.46632,1665.6429999999998,TURNO 3,41.70540746126271
2020-08-23 02:00:54,69.28856999999999,1669.754,TURNO 3,41.49627430148393
2020-08-23 02:15:52,69.46728,1683.432,TURNO 3,41.26527237215403
2020-08-23 02:30:50,69.62416999999999,1686.444,TURNO 3,41.284602394150056
2020-08-23 02:45:48,69.66225,1696.38,TURNO 3,41.06523892052488
2020-08-23 03:00:47,69.91384000000001,1700.286,TURNO 3,41.11887059000663
2020-08-23 03:15:49,70.20267,1698.499,TURNO 3,41.33218212080195
2020-08-23 03:39:24,41.678020000000004,962.2581,TURNO 3,43.312724517465746
2020-08-23 03:54:22,74.09848000000001,1695.921,TURNO 3,43.69217669926842
2020-08-23 04:09:23,71.09295999999999,1708.969,TURNO 3,41.59991199372252
2020-08-23 04:24:21,69.80405,1708.3929999999998,TURNO 3,40.859480224983365
2020-08-23 04:41:07,61.63746,1469.5379999999998,TURNO 3,41.94342711791053
2020-08-24 00:00:47,0.0,0.0,TURNO 3,0.0
2020-08-24 09:47:26,0.0,0.0,TURNO 1,0.0
2020-08-24 10:21:15,0.0,0.0,TURNO 1,0.0
2020-08-24 10:36:12,0.0,0.0,TURNO 1,0.0
2020-08-24 10:51:09,0.0,0.0,TURNO 1,0.0
2020-08-24 11:06:07,0.0,0.0,TURNO 1,0.0
2020-08-24 11:21:15,85.44537,1783.237,TURNO 1,47.91587994192583
2020-08-24 11:36:13,91.51099,1796.2520000000002,TURNO 1,50.94551878021569
2020-08-24 13:18:38,49.38286,1121.49,TURNO 1,44.03325932464846
2020-08-24 13:48:02,23.76524,697.7202,TURNO 1,34.06127556576404
2020-08-24 14:14:02,67.4375,1346.066,TURNO 2,50.09969793457379
2020-08-24 14:29:00,0.0,0.0,TURNO 2,0.0
2020-08-24 14:49:35,0.0,0.0,TURNO 2,0.0
2020-08-24 15:05:47,20.067529999999998,447.8155,TURNO 2,44.81204871202537
2020-08-24 15:25:46,42.233670000000004,858.6995,TURNO 2,49.183294039416595
2020-08-24 15:40:46,75.49143000000001,1512.9360000000001,TURNO 2,49.897305636193465
2020-08-24 15:55:41,80.33061,1869.2160000000001,TURNO 2,42.9755630167942
2020-08-24 16:11:07,77.92509,1912.783,TURNO 2,40.73911677383164
2020-08-24 16:25:44,77.49515,2063.221,TURNO 2,37.56027589870401
2020-08-24 16:41:24,30.898709999999998,1716.598,TURNO 2,17.999968542431017
2020-08-24 17:04:34,0.0,0.0,TURNO 2,0.0
2020-08-25 09:09:05,69.41894,1665.394,TURNO 1,41.68319328639349
2020-08-25 09:14:12,68.76249,1671.017,TURNO 1,41.1500840506111
2020-08-25 09:29:07,68.63743000000001,1663.3410000000001,TURNO 1,41.26479777748519
2020-08-25 09:44:05,68.50861,1676.401,TURNO 1,40.86648122972964
2020-08-25 09:59:03,68.56342,1672.1129999999998,TURNO 1,41.00405893620826
2020-08-25 10:14:12,68.45373000000001,1674.2720000000002,TURNO 1,40.88566851742131
2020-08-25 10:30:03,30.469179999999998,748.823,TURNO 1,40.68942860996523
2020-08-25 10:55:23,0.0,0.0,TURNO 1,0.0
2020-08-25 11:16:41,42.00776,1028.67,TURNO 1,40.83696423537188
2020-08-25 11:31:39,74.23684,1779.905,TURNO 1,41.708315893263965
2020-08-25 11:46:39,69.80419,1766.9289999999999,TURNO 1,39.505939401073846
2020-08-25 12:01:38,69.67909,1699.1729999999998,TURNO 1,41.00764901513855
2020-08-25 12:16:37,69.53031,1721.733,TURNO 1,40.38390970028454
2020-08-25 12:31:41,69.75201,1712.1670000000001,TURNO 1,40.7390225369371
2020-08-25 12:46:34,69.63721,1728.41,TURNO 1,40.28975185285898
2020-08-25 13:03:28,23.185489999999998,568.9396,TURNO 1,40.75211147193831
2020-08-25 13:31:58,0.0,0.0,TURNO 1,0.0
2020-08-25 14:01:54,0.0,0.0,TURNO 2,0.0
2020-08-25 14:19:30,64.68427,1433.66,TURNO 2,45.11827769485094
2020-08-25 14:34:39,74.71434,1747.22,TURNO 2,42.76183880679022
2020-08-25 14:49:37,41.56844,1323.755,TURNO 2,31.401913496077444
2020-08-25 15:05:38,61.917759999999994,1355.652,TURNO 2,45.673786487977736
2020-08-25 15:20:37,73.58953000000001,1889.787,TURNO 2,38.940647808456724
2020-08-25 15:35:46,72.28761,1792.3110000000001,TURNO 2,40.33206848588219
2020-08-25 15:50:44,72.1886,1736.644,TURNO 2,41.56787459030175
2020-08-25 16:05:42,72.1791,1755.839,TURNO 2,41.10804008795795
2020-08-25 16:20:40,71.24831,1745.479,TURNO 2,40.81877238282443
2020-08-25 16:35:38,70.43418,1756.369,TURNO 2,40.10215393234565
2020-08-25 16:50:36,70.79524,1742.4289999999999,TURNO 2,40.63020071406066
2020-08-25 17:05:45,71.09315,1748.2220000000002,TURNO 2,40.665973772209696
2020-08-25 17:29:42,7.527842,184.7897,TURNO 2,40.73734629148702
2020-08-25 17:48:22,0.0,0.0,TURNO 2,0.0
2020-08-25 18:11:45,28.416809999999998,579.2142,TURNO 2,49.06096915441645
2020-08-25 18:26:43,81.41281,1707.609,TURNO 2,47.67649385778594
2020-08-25 18:41:41,76.00863000000001,1772.8229999999999,TURNO 2,42.87434786213853
2020-08-25 18:56:39,74.63585,1762.451,TURNO 2,42.347758888048524
2020-08-25 19:11:47,74.4353,1764.776,TURNO 2,42.17832744778941
2020-08-25 19:26:44,74.6168,1767.0020000000002,TURNO 2,42.22790919308523
2020-08-25 19:41:42,73.44085,1762.182,TURNO 2,41.67608680601663
2020-08-25 19:56:39,73.09541999999999,1772.828,TURNO 2,41.230971081232916
2020-08-25 20:11:47,73.92118,1771.477,TURNO 2,41.72855758217578
2020-08-25 20:26:45,73.92133000000001,1761.7220000000002,TURNO 2,41.959701927999994
2020-08-25 20:41:43,73.68349,1769.3870000000002,TURNO 2,41.643512696770124
2020-08-25 20:56:41,73.42803,1768.5510000000002,TURNO 2,41.51875179172102
2020-08-25 21:11:49,22.83725,552.2966,TURNO 2,41.34961178468236
2020-08-25 21:36:15,2.931669,93.28376999999999,TURNO 2,31.427428372588288
2020-08-25 21:51:13,73.81891999999999,1535.932,TURNO 2,48.06132042303956
2020-08-25 22:06:10,78.70544,1773.082,TURNO 3,44.38905814846691
2020-08-25 22:21:18,76.49022,1764.233,TURNO 3,43.35607598316095
2020-08-25 22:36:15,74.5628,1777.024,TURNO 3,41.959365771086944
2020-08-25 22:51:13,75.24466,1781.904,TURNO 3,42.22711212276306
2020-08-25 23:06:10,76.63509,1766.993,TURNO 3,43.370341591619216
2020-08-25 23:21:18,76.56744,1760.215,TURNO 3,43.498913485000415
2020-08-25 23:36:16,79.33022,1719.773,TURNO 3,46.12830879424203
2020-08-25 23:51:15,24.95048,503.545,TURNO 3,49.54965296050998
2020-08-26 00:00:46,0.0,0.0,TURNO 3,0.0
2020-08-26 00:15:54,0.0,0.0,TURNO 3,0.0
2020-08-26 00:30:52,75.69909,1628.396,TURNO 3,46.48690490519505
2020-08-26 00:45:50,86.60401999999999,1947.306,TURNO 3,44.47376015890671
2020-08-26 01:00:48,84.78648000000001,1960.786,TURNO 3,43.24106761268186
2020-08-26 01:15:46,85.16073,1965.894,TURNO 3,43.31908536268995
2020-08-26 01:30:44,83.57264,1963.1629999999998,TURNO 3,42.570402967048594
2020-08-26 01:45:53,83.52124,1955.95,TURNO 3,42.70111199161533
2020-08-26 02:00:51,82.89975,1959.994,TURNO 3,42.29592029363356
2020-08-26 02:15:49,83.15455,1966.7079999999999,TURNO 3,42.28108595683752
2020-08-26 02:30:48,80.59779,1871.775,TURNO 3,43.059550426733985
2020-08-26 02:45:46,74.65128,1746.82,TURNO 3,42.7355308503452
2020-08-26 03:00:55,75.16736999999999,1763.249,TURNO 3,42.63003693749436
2020-08-26 03:26:58,0.38755320000000004,9.11694,TURNO 3,42.50913135328302
2020-08-26 03:47:33,0.0,0.0,TURNO 3,0.0
2020-08-26 04:02:31,76.66125,1513.399,TURNO 3,50.65501563037904
2020-08-26 04:17:29,82.8693,1749.8929999999998,TURNO 3,47.35678124319601
2020-08-26 04:32:29,83.42184,1719.5020000000002,TURNO 3,48.51511658608131
2020-08-26 04:47:37,79.47683,1700.566,TURNO 3,46.73551629281074
2020-08-26 05:05:56,41.72483,959.4188,TURNO 3,43.48969396889032
2020-08-26 05:20:54,83.18005,1630.195,TURNO 3,51.02460135137207
2020-08-26 05:35:52,85.31945,1963.066,TURNO 3,43.46234410865452
2020-08-26 05:50:50,83.56882,1952.402,TURNO 3,42.80308051313203
2020-08-26 06:05:49,82.15852,1963.882,TURNO 1,41.83475381922131
2020-08-26 06:20:47,81.9166,1943.892,TURNO 1,42.14050986371671
2020-08-26 06:35:56,74.5968,1749.3,TURNO 1,42.64380037729378
2020-08-26 06:50:54,73.98828,1757.714,TURNO 1,42.093469130928014
2020-08-26 07:05:53,73.38920999999999,1781.806,TURNO 1,41.18810353091189
2020-08-26 07:20:51,73.03459000000001,1791.649,TURNO 1,40.76389404397849
2020-08-26 07:35:49,72.13048,1798.0729999999999,TURNO 1,40.11543469036019
2020-08-26 08:01:43,31.51564,787.0671,TURNO 1,40.04187190647405
2020-08-26 08:16:41,15.41932,378.9359,TURNO 1,40.691103693263166
2020-08-26 08:31:39,75.38184,1710.089,TURNO 1,44.08065311220644
2020-08-26 08:46:48,74.11331,1845.543,TURNO 1,40.157996860544564
2020-08-26 09:01:46,78.8936,1965.5379999999998,TURNO 1,40.13842520470223
2020-08-26 09:16:44,77.57005,1947.3970000000002,TURNO 1,39.83268434736214
2020-08-26 09:31:42,77.17822,1952.354,TURNO 1,39.5308535234901
2020-08-26 09:46:40,82.34066,2114.498,TURNO 1,38.94099687017912
2020-08-26 10:01:39,82.77279,2159.544,TURNO 1,38.328827752525534
2020-08-26 10:16:47,80.6488,2092.1710000000003,TURNO 1,38.547900721308146
2020-08-26 10:31:46,75.45438,1907.499,TURNO 1,39.556707500239845
2020-08-26 10:46:44,68.50758,1736.912,TURNO 1,39.442170933242444
2020-08-26 11:01:42,67.334,1643.6860000000001,TURNO 1,40.965245186732744
2020-08-26 11:16:40,67.79341,1692.604,TURNO 1,40.05272940392436
2020-08-26 11:31:39,69.30288,1757.241,TURNO 1,39.43846063232078
2020-08-26 11:46:47,66.2876,1663.6229999999998,TURNO 1,39.84532553348926
2020-08-26 12:01:46,68.18988,1742.2520000000002,TURNO 1,39.13893053358527
2020-08-26 12:16:45,68.9893,1785.5739999999998,TURNO 1,38.6370433261237
2020-08-26 12:31:42,68.96239,1772.8570000000002,TURNO 1,38.89901441571429
2020-08-26 12:46:41,70.68436,1781.856,TURNO 1,39.668951924285686
2020-08-26 13:04:19,39.16564,985.9211,TURNO 1,39.7249232215438
2020-08-26 13:25:28,3.528172,101.5589,TURNO 1,34.74015571259634
2020-08-26 13:40:26,73.54942,1495.74,TURNO 1,49.172596841697086
2020-08-26 14:06:41,22.764860000000002,509.0144,TURNO 2,44.7234105754179
2020-08-26 14:25:20,31.85015,666.1218,TURNO 2,47.81430363035709
2020-08-26 14:40:19,77.48634,1710.481,TURNO 2,45.3009065870945
2020-08-26 14:55:19,76.27215,1842.629,TURNO 2,41.393112775279235
2020-08-26 15:10:16,81.62656,2125.444,TURNO 2,38.40447454743573
2020-08-26 15:25:24,83.28322,2227.054,TURNO 2,37.39613857589443
2020-08-26 15:40:26,82.4341,2235.574,TURNO 2,36.87379617046897
2020-08-26 15:55:26,76.49264000000001,1969.234,TURNO 2,38.843855021800366
2020-08-26 16:10:23,70.63391999999999,1756.422,TURNO 2,40.21466367421951
2020-08-26 16:25:21,70.0023,1744.16,TURNO 2,40.13525135308687
2020-08-26 16:40:20,70.21822,1738.432,TURNO 2,40.391697805838824
2020-08-26 16:55:18,70.48071,1759.636,TURNO 2,40.054141879343234
2020-08-26 17:10:16,70.97353000000001,1761.4560000000001,TURNO 2,40.29253640170405
2020-08-26 17:30:01,31.064420000000002,773.5061,TURNO 2,40.16053654909768
2020-08-26 17:44:59,7.394845,200.6935,TURNO 2,36.84645990029573
2020-08-26 18:00:06,76.04966999999999,1597.421,TURNO 2,47.60778154287442
2020-08-26 18:15:04,75.02795,1763.366,TURNO 2,42.54814372058892
2020-08-26 18:30:02,71.69874,1760.319,TURNO 2,40.73053804452489
2020-08-26 18:45:00,71.33516999999999,1754.326,TURNO 2,40.662436742087834
2020-08-26 19:00:08,71.61124000000001,1765.289,TURNO 2,40.5662982095283
2020-08-26 19:15:06,71.62746,1778.851,TURNO 2,40.266138085764354
2020-08-26 19:30:04,71.62181,1772.226,TURNO 2,40.41347435372238
2020-08-26 19:45:02,71.73909,1778.065,TURNO 2,40.34671960811332
2020-08-26 20:00:00,73.07104,1766.756,TURNO 2,41.35887468331789
2020-08-26 20:14:59,73.57008,1767.0339999999999,TURNO 2,41.63478461648163
2020-08-26 20:30:07,73.50184,1777.835,TURNO 2,41.34345425756608
2020-08-26 20:45:06,74.65951,1778.855,TURNO 2,41.97054284919231
2020-08-26 21:00:04,73.63121,1774.726,TURNO 2,41.48877629560844
2020-08-26 21:15:02,73.6,1773.0,TURNO 2,41.51156232374507
2020-08-26 21:30:00,73.56514,1761.744,TURNO 2,41.75699761145774
2020-08-26 21:44:59,73.62298,1745.046,TURNO 2,42.18970732003626
2020-08-26 22:13:40,20.939120000000003,495.0021,TURNO 3,42.30107306615468
2020-08-26 22:28:39,53.520869999999995,1153.487,TURNO 3,46.39919652323779
2020-08-26 22:43:36,85.34573,1975.338,TURNO 3,43.20563366876961
2020-08-26 22:58:35,77.05514000000001,1884.724,TURNO 3,40.884044560370654
2020-08-26 23:13:36,73.79372,1741.58,TURNO 3,42.37170844865007
2020-08-26 23:28:35,73.59759,1739.1529999999998,TURNO 3,42.31806517310438
2020-08-26 23:43:34,73.07755,1735.443,TURNO 3,42.108873642061425
2020-08-26 23:58:32,73.33062,1733.77,TURNO 3,42.295471717701886
2020-08-27 00:00:50,10.92296,255.0684,TURNO 3,42.823650440430875
2020-08-27 00:15:47,73.54536,1727.016,TURNO 3,42.5852221403855
2020-08-27 00:30:46,73.22775,1717.359,TURNO 3,42.63974509697739
2020-08-27 00:55:34,40.88957,961.6683,TURNO 3,42.51941131885079
2020-08-27 01:16:52,0.0,0.0,TURNO 3,0.0
2020-08-27 01:35:10,56.88438000000001,1158.112,TURNO 3,49.11820272996049
2020-08-27 01:50:09,79.79566,1719.454,TURNO 3,46.40755728271882
2020-08-27 02:05:09,76.54188,1717.5729999999999,TURNO 3,44.563974864532696
2020-08-27 02:20:07,75.10153000000001,1732.724,TURNO 3,43.34304251571515
2020-08-27 02:35:06,76.56988,1729.191,TURNO 3,44.280753253978304
2020-08-27 02:50:03,78.71924,1750.7939999999999,TURNO 3,44.9620229450181
2020-08-27 03:05:13,77.98528,1774.769,TURNO 3,43.94108754435084
2020-08-27 03:20:11,81.57634,1951.1070000000002,TURNO 3,41.81028513556662
2020-08-27 03:35:09,81.48006,1955.5,TURNO 3,41.667123497826644
2020-08-27 03:50:08,81.11443,1959.76,TURNO 3,41.3899814262971
2020-08-27 04:05:06,80.85463,1956.579,TURNO 3,41.324490347693605
2020-08-27 04:20:04,80.94975,1940.53,TURNO 3,41.715278815581314
2020-08-27 04:35:03,80.94053000000001,1929.6070000000002,TURNO 3,41.94663991165041
2020-08-27 04:50:11,80.13099,1920.773,TURNO 3,41.71809474622977
2020-08-27 05:05:09,79.87677,1922.777,TURNO 3,41.54239935260303
2020-08-27 05:20:08,80.48177,1928.7379999999998,TURNO 3,41.72768411261665
2020-08-27 05:35:05,80.88637,1927.662,TURNO 3,41.96086762098334
2020-08-27 05:50:03,80.66248,1924.352,TURNO 3,41.91669715311959
2020-08-27 06:22:05,8.2287,196.7689,TURNO 1,41.81910860913488
2020-08-27 06:37:03,12.51929,316.1017,TURNO 1,39.6052599527304
2020-08-27 06:52:01,77.06039,1632.4089999999999,TURNO 1,47.20654566349487
2020-08-27 07:07:00,73.69749,1750.8210000000001,TURNO 1,42.093103749612325
2020-08-27 07:21:58,71.9948,1758.114,TURNO 1,40.95001803068516
2020-08-27 07:36:56,71.55852,1727.09,TURNO 1,41.43300001737026
2020-08-27 07:52:05,71.34106,1710.9,TURNO 1,41.697971827693024
2020-08-27 08:07:03,70.57106999999999,1706.775,TURNO 1,41.34761172386518
2020-08-27 08:22:01,70.26385,1707.839,TURNO 1,41.141963616008304
2020-08-27 08:37:00,39.93418,1021.091,TURNO 1,39.10932522174811
2020-08-27 08:51:57,50.102059999999994,1234.245,TURNO 1,40.593285773894166
2020-08-27 09:06:55,71.95028,1912.067,TURNO 1,37.6295809717965
2020-08-27 09:22:04,75.85905,2002.352,TURNO 1,37.88497227260741
2020-08-27 09:37:03,79.06184,1908.7320000000002,TURNO 1,41.421131934708484
2020-08-27 09:52:01,78.96101,1912.658,TURNO 1,41.283392012581444
2020-08-27 10:06:59,71.23905,1724.2910000000002,TURNO 1,41.314981055981846
2020-08-27 10:21:57,68.51324,1714.408,TURNO 1,39.96320595797499
2020-08-27 10:36:55,69.59411,1709.674,TURNO 1,40.70607028006509
2020-08-27 10:52:04,69.59456999999999,1707.5839999999998,TURNO 1,40.75616192234174
2020-08-27 11:07:02,69.87699,1718.5,TURNO 1,40.6616176898458
2020-08-27 11:22:00,69.55028,1722.365,TURNO 1,40.380685859269086
2020-08-27 11:36:59,69.63316999999999,1736.655,TURNO 1,40.096144599819766
2020-08-27 11:51:57,69.99763,1712.56,TURNO 1,40.87309641705984
2020-08-27 12:06:55,69.69739,1719.004,TURNO 1,40.54521688140342
2020-08-27 12:22:04,69.71566999999999,1723.783,TURNO 1,40.443414281263934
2020-08-27 12:37:02,69.91917,1720.111,TURNO 1,40.64805701492519
2020-08-27 12:52:00,69.12563,1723.9589999999998,TURNO 1,40.09702666942776
2020-08-27 13:06:59,70.54526,1726.815,TURNO 1,40.8528186285155
2020-08-27 13:21:57,71.39274,1733.908,TURNO 1,41.17446831089078
2020-08-27 13:36:55,70.45007,1728.276,TURNO 1,40.76320564539459
2020-08-27 13:52:04,69.9808,1729.842,TURNO 1,40.455024216084475
2020-08-27 14:07:01,70.23557,1740.445,TURNO 2,40.354949452582524
2020-08-27 14:22:00,71.72608000000001,1746.2179999999998,TURNO 2,41.07510058881538
2020-08-27 14:37:14,71.5994,1769.035,TURNO 2,40.47370459035576
2020-08-27 15:03:11,36.05321,888.89,TURNO 2,40.55981055023681
2020-08-27 15:11:17,0.0,0.0,TURNO 2,0.0
2020-08-27 15:26:17,62.53171,1314.8270000000002,TURNO 2,47.55888797537622
2020-08-27 15:41:14,84.03545,1980.085,TURNO 2,42.440324531522634
2020-08-27 15:57:37,15.26494,566.9553,TURNO 2,26.924415381600628
2020-08-27 16:12:34,65.32774,1416.876,TURNO 2,46.106885853102185
2020-08-27 16:27:32,87.11354,2156.368,TURNO 2,40.39827153806771
2020-08-27 16:42:40,88.33406,2311.288,TURNO 2,38.21854308074113
2020-08-27 16:57:40,86.056,2149.498,TURNO 2,40.035394310671606
2020-08-27 17:12:37,82.40012,2134.96,TURNO 2,38.59562708434818
2020-08-27 17:27:36,82.69733000000001,2163.236,TURNO 2,38.22852892610885
2020-08-27 17:42:35,82.68751999999999,2146.078,TURNO 2,38.529596780732106
2020-08-27 17:57:33,82.95506,2160.992,TURNO 2,38.387490559891006
2020-08-27 18:12:32,83.24319,2165.766,TURNO 2,38.43591135884486
2020-08-27 18:27:41,83.36581,2175.205,TURNO 2,38.325495757871096
2020-08-27 18:42:40,83.34151999999999,2192.47,TURNO 2,38.0126159080854
2020-08-27 18:57:38,83.27024,2211.125,TURNO 2,37.659670981966194
2020-08-27 19:12:36,84.40701999999999,2207.6279999999997,TURNO 2,38.23425867039193
2020-08-27 19:27:35,85.1173,2211.357,TURNO 2,38.49098087735268
2020-08-27 19:42:34,86.45398,2217.763,TURNO 2,38.982515264255014
2020-08-27 19:58:36,65.35725,1693.8220000000001,TURNO 2,38.585666026300274
2020-08-27 20:33:16,0.0,0.0,TURNO 2,0.0
2020-08-27 20:56:30,18.32347,499.2033,TURNO 2,36.70542642646794
2020-08-27 21:11:28,80.07366999999999,1687.362,TURNO 2,47.4549444636065
2020-08-27 21:26:37,53.21921999999999,1219.883,TURNO 2,43.62649532783061
2020-08-27 21:45:38,31.866809999999997,779.7339,TURNO 2,40.86882717296247
2020-08-27 22:00:36,77.80115,1740.558,TURNO 3,44.6989701003931
2020-08-27 22:15:35,75.51227,1780.026,TURNO 3,42.422003948256936
2020-08-27 22:30:33,80.59928000000001,1952.921,TURNO 3,41.27114204824466
2020-08-27 22:45:31,78.92034,1943.967,TURNO 3,40.597571872362025
2020-08-27 23:00:40,78.83546,1933.622,TURNO 3,40.77087455562669
2020-08-27 23:15:39,79.69426999999999,1928.6770000000001,TURNO 3,41.32069288947812
2020-08-27 23:30:37,79.83223000000001,1929.3129999999999,TURNO 3,41.37857879981113
2020-08-27 23:45:35,79.44223000000001,1932.895,TURNO 3,41.10012701155521
2020-08-28 00:00:34,75.32999000000001,1873.922,TURNO 3,40.19910647294818
2020-08-28 00:00:46,1.110715,26.692629999999998,TURNO 3,41.61129869930389